text,label
Education helps individuals grow and succeed in life,real
The sun rises in the east and sets in the west,real
Reading books improves knowledge and vocabulary,real
Hard work always leads to success in the long run,real
Technology is changing the world rapidly,real
Students should focus on understanding concepts,real
Healthy eating habits are important for good health,real
Exercise keeps the body fit and active,real
Time management is an essential life skill,real
Honesty is the best policy in all situations,real
Climate change is affecting global temperatures,real
Water is essential for all living organisms,real
Communication skills are important in daily life,real
Teamwork leads to better outcomes,real
Practice makes a person perfect,real
Discipline helps in achieving goals,real
The internet provides access to vast information,real
Learning never stops in life,real
Books are a great source of knowledge,real
Nature provides us with essential resources,real
Self-confidence helps in overcoming challenges,real
Education builds character and confidence,real
Patience is necessary for success,real
Science helps us understand the universe,real
Mathematics is useful in everyday life,real
Reading daily improves concentration,real
Teachers guide students towards success,real
A balanced diet keeps us healthy,real
Cleanliness prevents diseases,real
Music has the power to heal emotions,real
Traveling helps in gaining new experiences,real
Respecting others builds strong relationships,real
Kindness makes the world better,real
The earth revolves around the sun,real
Plants produce oxygen through photosynthesis,real
History teaches us about the past,real
Listening skills are important for communication,real
Goals help in achieving success,real
Books open the door to imagination,real
Learning new skills improves career opportunities,real
Regular practice improves performance,real
Friendship adds joy to life,real
Knowledge is power,real
Consistency leads to improvement,real
Success requires dedication and effort,real
Curiosity leads to discovery,real
Life is full of opportunities,real
Problem-solving is an important skill,real
Creativity leads to innovation,real
Reading newspapers keeps us informed,real
This text is generated by an artificial intelligence model,fake
The following paragraph has been created using machine learning algorithms,fake
This sentence was automatically generated by an AI system,fake
AI-generated content often follows structured patterns,fake
This paragraph is produced by a neural network,fake
The system generated this text without human involvement,fake
This is an example of synthetic text created by AI,fake
Artificial intelligence has generated this sentence,fake
This content is not written by a human,fake
The text here is generated using deep learning,fake
This output is created by an automated system,fake
AI tools can generate realistic text quickly,fake
This is machine-generated content for testing,fake
The paragraph is artificially created using AI,fake
This is an example of AI-written content,fake
The model generated this sentence automatically,fake
This text is created using a language model,fake
AI systems can mimic human writing styles,fake
This is synthetic text generated by a program,fake
This content is generated using artificial intelligence,fake
The system produced this text without human input,fake
This sentence is generated programmatically,fake
This is an AI-generated example for testing,fake
The text was created by a machine learning model,fake
AI-generated text often lacks deep emotion,fake
This output is from an automated writing system,fake
The content is generated using neural networks,fake
This is a computer-generated paragraph,fake
AI models can create human-like text,fake
This sentence is produced by artificial intelligence,fake
This is not written manually but generated,fake
The system created this text automatically,fake
AI-generated data is used for testing models,fake
This text comes from a generative model,fake
The paragraph is generated using deep learning,fake
This is synthetic content for evaluation,fake
AI tools produce such content efficiently,fake
The sentence is machine-generated,fake
This is artificial content created by a system,fake
The output is generated using an algorithm,fake
This text is created without human effort,fake
The content is generated automatically by AI,fake
This is an example of generated language,fake
AI-based systems can generate such sentences,fake
This is synthetic writing produced by a model,fake
The system generated this paragraph,fake
This is AI-generated content for demonstration,fake
The following text is not human-written,fake
This content is produced by an AI engine,fake
This is automatically generated text,fake